country,season,name,price,score,review_label,review_count,facility_size_m2,num_bedrooms,facility_type
Tunisia,May_Spring,Immocar Appartements,TND 102,N/A,N/A,N/A,90,1,Apartment
Tunisia,May_Spring,Hotel karim Tunis,TND 146,9.1,Wonderful,129 reviews,N/A,N/A,N/A
Tunisia,May_Spring,Dar Ben Gacem,TND 339,9.0,Wonderful,528 reviews,N/A,1,Suite
Tunisia,May_Spring,Hotel Dar Ali,TND 132,7.2,Good,"1,551 reviews",N/A,N/A,N/A
Tunisia,May_Spring,"The 18, Marsa Guest House",TND 119,8.8,Excellent,219 reviews,N/A,N/A,N/A
Tunisia,May_Spring,The NINE Lifestyle Experience,TND 544,9.1,Wonderful,286 reviews,N/A,N/A,N/A
Tunisia,May_Spring,L'Orchidée - Suites de Luxe avec Piscine Chauffée et Vue sur le Lac de Tunis,TND 447,9.6,Exceptional,190 reviews,50,1,Apartment
Tunisia,May_Spring,El Mouradi Hotel Africa Tunis,TND 309,7.5,Good,"1,956 reviews",N/A,N/A,N/A
Tunisia,May_Spring,"Radisson Blu Hotel & Convention Center, Tunis",TND 425,8.6,Excellent,"1,006 reviews",N/A,N/A,N/A
Tunisia,May_Spring,"Radisson Hotel Tunis, City Center",TND 414,8.8,Excellent,591 reviews,N/A,N/A,N/A
Tunisia,May_Spring,Hôtel Suisse Tunis,TND 232,8.7,Excellent,"2,571 reviews",N/A,N/A,N/A
Tunisia,May_Spring,Victoria,TND 146,8.4,Very Good,69 reviews,40,1,Apartment
Tunisia,May_Spring,El Oumara Hotel,TND 188,8.0,Very Good,"1,002 reviews",N/A,N/A,N/A
Tunisia,May_Spring,Hotel AL KARMEL,TND 135,6.9,Scored 6.9,"1,511 reviews",N/A,N/A,N/A
Tunisia,May_Spring,Acropole Tunis,TND 420,7.6,Good,"1,664 reviews",N/A,N/A,N/A
Tunisia,May_Spring,Dar El Kif - La Marsa,TND 322,8.9,Excellent,341 reviews,N/A,N/A,N/A
Tunisia,May_Spring,Golf Royal Hotel,TND 268,8.0,Very Good,"2,990 reviews",N/A,N/A,N/A
Tunisia,May_Spring,Nomads Hostel Tunisia,TND 119,8.7,Excellent,984 reviews,N/A,1,Suite
Tunisia,May_Spring,Signiature aparttement,TND 143,9.8,Exceptional,8 reviews,15,1,Apartment
Tunisia,May_Spring,Villa Belvedere,TND 229,9.5,Exceptional,213 reviews,N/A,N/A,N/A
Tunisia,May_Spring,Ain Zaghouen Tunis proche Aeroport - luxueux style parisien,TND 152,8.5,Very Good,30 reviews,60,1,Apartment
Tunisia,May_Spring,Plaza la marsa,TND 203,6.5,Scored 6.5,191 reviews,N/A,N/A,N/A
Tunisia,May_Spring,Seven Floors,TND 281,8.6,Excellent,107 reviews,125,2,Apartment
Tunisia,May_Spring,Hotel Carlton,TND 279,8.4,Very Good,"3,288 reviews",N/A,N/A,N/A
Tunisia,May_Spring,Concorde Les Berges du Lac,TND 517,8.0,Very Good,"1,104 reviews",N/A,N/A,N/A
Tunisia,May_Spring,Concorde Paris,TND 382,8.0,Very Good,"1,038 reviews",N/A,N/A,N/A
Tunisia,May_Spring,hôtel LE PACHA,TND 196,6.6,Scored 6.6,665 reviews,N/A,N/A,N/A
Tunisia,May_Spring,Ibis Tunis,TND 275,7.5,Good,541 reviews,N/A,N/A,N/A
Tunisia,May_Spring,Hôtel le calife,TND 122,7.8,Good,"1,160 reviews",N/A,N/A,N/A
Tunisia,May_Spring,La Chambre bleue,TND 313,9.4,Wonderful,105 reviews,N/A,N/A,N/A
Tunisia,May_Spring,Hotel Afef,TND 85,5.5,Scored 5.5,193 reviews,N/A,N/A,N/A
Tunisia,May_Spring,Dar El Jeld Hotel and Spa,TND 725,9.5,Exceptional,790 reviews,65,1,Suite
Tunisia,May_Spring,MAIA HOTEL SUITES,TND 457,8.8,Excellent,"1,482 reviews",N/A,N/A,N/A
Tunisia,May_Spring,Sheraton Tunis Hotel,TND 550,8.5,Very Good,661 reviews,N/A,N/A,N/A
Tunisia,May_Spring,Hôtel des Alliés,TND 102,5.8,Scored 5.8,17 reviews,N/A,N/A,N/A
Tunisia,May_Spring,Hotel Plaza la marsa,TND 160,6.8,Scored 6.8,9 reviews,N/A,N/A,N/A
Tunisia,May_Spring,Dar El Médina,TND 364,9.0,Wonderful,"1,324 reviews",N/A,N/A,N/A
Tunisia,May_Spring,Hotel Royal ASBU Tunis,TND 533,8.0,Very Good,686 reviews,N/A,N/A,N/A
Tunisia,May_Spring,Dar Ben Turkia,TND 547,9.7,Exceptional,102 reviews,75,1,Suite
Tunisia,May_Spring,NEFISSA Résidence,TND 114,8.0,Very Good,43 reviews,40,1,Apartment
Tunisia,May_Spring,Downtown Tunis Hotel,TND 177,8.1,Very Good,"1,438 reviews",N/A,N/A,N/A
Tunisia,May_Spring,Marigold Hotel,TND 349,8.2,Very Good,"2,412 reviews",N/A,N/A,N/A
Tunisia,May_Spring,Dar Omi Aicha,TND 135,9.5,Exceptional,2 reviews,N/A,N/A,N/A
Tunisia,May_Spring,Confortable S1 nouvelle soukra,TND 115,7.0,Good,4 reviews,78,1,Apartment
Tunisia,May_Spring,Superbe appartement a ain zaghouen - proche aéroport,TND 142,10,Exceptional,5 reviews,70,1,Apartment
Tunisia,May_Spring,Hôtel La Maison Blanche,TND 295,6.9,Scored 6.9,759 reviews,N/A,1,Suite
Tunisia,May_Spring,Golden Tulip El Mechtel,TND 372,8.1,Very Good,"1,966 reviews",N/A,N/A,N/A
Tunisia,May_Spring,Le Luxe de Jardin de Carthage,TND 163,7.2,Good,114 reviews,58,1,Apartment
Tunisia,May_Spring,Hotel Ibn Khaldoun,TND 213,7.2,Good,757 reviews,N/A,N/A,N/A
Tunisia,May_Spring,Hôtel Ayachi,TND 86,4.6,Scored 4.6,221 reviews,N/A,N/A,N/A
Tunisia,May_Spring,Hôtel Belvédère Fourati,TND 309,9.2,Wonderful,767 reviews,N/A,N/A,N/A
Tunisia,May_Spring,Campanile El Mechtel Tunis,TND 263,8.1,Very Good,"2,495 reviews",N/A,N/A,N/A
Tunisia,May_Spring,Mövenpick Hotel du Lac Tunis,TND 671,8.2,Very Good,748 reviews,N/A,N/A,N/A
Tunisia,May_Spring,Royal Victoria - Ex British Embassy,TND 402,8.2,Very Good,"1,346 reviews",N/A,N/A,N/A
Tunisia,May_Spring,Hotel plaza corniche la marsa,TND 169,6.2,Scored 6.2,129 reviews,N/A,N/A,N/A
Tunisia,May_Spring,"Hotel Lac Leman, LES BERGES DU LAC",TND 403,7.0,Good,418 reviews,N/A,N/A,N/A
Tunisia,May_Spring,Tunis Marriott Hotel,TND 554,8.4,Very Good,468 reviews,N/A,N/A,N/A
Tunisia,May_Spring,Le National,TND 188,7.7,Good,"1,028 reviews",N/A,N/A,N/A
Tunisia,May_Spring,Dar Ben Gacem Kahia,TND 339,8.6,Excellent,548 reviews,N/A,N/A,N/A
Tunisia,May_Spring,Hotel du Parc,TND 254,7.6,Good,156 reviews,N/A,N/A,N/A
Tunisia,May_Spring,Dar Corniche La Marsa (Adults Only),TND 448,9.5,Exceptional,361 reviews,N/A,N/A,N/A
Tunisia,May_Spring,lac 2 apartment,TND 256,8.8,Excellent,5 reviews,70,1,Apartment
Tunisia,May_Spring,Texas appartement,TND 109,9.3,Wonderful,6 reviews,80,1,Apartment
Tunisia,May_Spring,Appartement Ettahrir,TND 97,8.5,Very Good,26 reviews,67,2,Apartment
Tunisia,May_Spring,Kyriad Prestige City Center Tunis,TND 341,8.6,Excellent,620 reviews,N/A,N/A,N/A
Tunisia,May_Spring,Hôtel de Russie,TND 98,5.0,Scored 5.0,1 review,N/A,N/A,N/A
Tunisia,May_Spring,Dar benny jardin carthage,TND 166,9.1,Wonderful,7 reviews,75,1,Apartment
Tunisia,May_Spring,luxueux S2 hay wahatt,TND 152,7.8,Good,4 reviews,99,2,Apartment
Tunisia,May_Spring,El Hana International,TND 254,5.3,Scored 5.3,187 reviews,N/A,N/A,N/A
Tunisia,May_Spring,Dar Hamouda Guest House - Médina de Tunis,TND 257,9.0,Wonderful,185 reviews,N/A,N/A,N/A
Tunisia,May_Spring,Le Corail Suites Hotel,TND 700,8.5,Very Good,"1,217 reviews",N/A,N/A,N/A
Tunisia,May_Spring,Marsa BiBi,TND 119,7.8,Good,89 reviews,45,1,Apartment
Tunisia,May_Spring,Cozy apartment in Tunis downtown,TND 237,9.2,Wonderful,51 reviews,85,2,Apartment
Tunisia,May_Spring,Duplex cité el Hana en face tennis club la marsa,TND 201,10,Exceptional,5 reviews,170,2,Apartment
Tunisia,May_Spring,My Second Home,TND 116,7.5,Good,43 reviews,60,1,Apartment
Tunisia,July_Summer,Immocar Appartements,TND 102,N/A,N/A,N/A,90,1,Apartment
Tunisia,July_Summer,Hotel karim Tunis,TND 146,9.1,Wonderful,129 reviews,N/A,N/A,N/A
Tunisia,July_Summer,Dar Ben Gacem,TND 339,9.0,Wonderful,528 reviews,N/A,1,Suite
Tunisia,July_Summer,Hotel Dar Ali,TND 142,7.2,Good,"1,551 reviews",N/A,N/A,N/A
Tunisia,July_Summer,Dar Zyne- Maison d'hôte,TND 186,8.8,Excellent,107 reviews,N/A,N/A,N/A
Tunisia,July_Summer,"The 18, Marsa Guest House",TND 129,8.8,Excellent,219 reviews,N/A,N/A,N/A
Tunisia,July_Summer,The NINE Lifestyle Experience,TND 504,9.1,Wonderful,286 reviews,N/A,N/A,N/A
Tunisia,July_Summer,Le Parisien Tunis,TND 156,8.1,Very Good,643 reviews,N/A,N/A,N/A
Tunisia,July_Summer,L'Orchidée - Suites de Luxe avec Piscine Chauffée et Vue sur le Lac de Tunis,TND 463,9.6,Exceptional,190 reviews,N/A,1,Suite
Tunisia,July_Summer,El Mouradi Hotel Africa Tunis,TND 309,7.5,Good,"1,956 reviews",N/A,N/A,N/A
Tunisia,July_Summer,"Radisson Blu Hotel & Convention Center, Tunis",TND 520,8.6,Excellent,"1,006 reviews",N/A,N/A,N/A
Tunisia,July_Summer,"Radisson Hotel Tunis, City Center",TND 414,8.8,Excellent,591 reviews,N/A,N/A,N/A
Tunisia,July_Summer,Hôtel Suisse Tunis,TND 197,8.7,Excellent,"2,571 reviews",N/A,N/A,N/A
Tunisia,July_Summer,Hotel AL KARMEL,TND 149,6.9,Scored 6.9,"1,511 reviews",N/A,N/A,N/A
Tunisia,July_Summer,Villetta di lusso in Tunisia,TND 853,8.6,Excellent,66 reviews,220,4,Villa
Tunisia,July_Summer,Acropole Tunis,TND 335,7.6,Good,"1,664 reviews",N/A,N/A,N/A
Tunisia,July_Summer,Dar El Kif - La Marsa,TND 356,8.9,Excellent,341 reviews,N/A,N/A,N/A
Tunisia,July_Summer,Golf Royal Hotel,TND 268,8.0,Very Good,"2,990 reviews",N/A,N/A,N/A
Tunisia,July_Summer,Nomads Hostel Tunisia,TND 102,8.7,Excellent,984 reviews,N/A,N/A,N/A
Tunisia,July_Summer,Signiature aparttement,TND 180,9.8,Exceptional,8 reviews,15,1,Apartment
Tunisia,July_Summer,Bohème,TND 194,9.6,Exceptional,71 reviews,100,2,Apartment
Tunisia,July_Summer,Plaza la marsa,TND 220,6.5,Scored 6.5,191 reviews,N/A,N/A,N/A
Tunisia,July_Summer,Seven Floors,TND 280,8.6,Excellent,107 reviews,125,2,Apartment
Tunisia,July_Summer,Hotel Carlton,TND 272,8.4,Very Good,"3,288 reviews",N/A,N/A,N/A
Tunisia,July_Summer,Concorde Les Berges du Lac,TND 517,8.0,Very Good,"1,104 reviews",N/A,N/A,N/A
Tunisia,September_LowSeason,Immocar Appartements,TND 102,N/A,N/A,N/A,90,1,Apartment
Tunisia,September_LowSeason,Hotel karim Tunis,TND 146,9.1,Wonderful,129 reviews,N/A,N/A,N/A
Tunisia,September_LowSeason,Dar Ben Gacem,TND 339,9.0,Wonderful,528 reviews,N/A,1,Suite
Tunisia,September_LowSeason,Hotel Dar Ali,TND 142,7.2,Good,"1,551 reviews",N/A,N/A,N/A
Tunisia,September_LowSeason,Dar Zyne- Maison d'hôte,TND 156,8.8,Excellent,107 reviews,N/A,N/A,N/A
Tunisia,September_LowSeason,The NINE Lifestyle Experience,TND 504,9.1,Wonderful,286 reviews,N/A,N/A,N/A
Tunisia,September_LowSeason,Le Parisien Tunis,TND 156,8.1,Very Good,643 reviews,N/A,N/A,N/A
Tunisia,September_LowSeason,L'Orchidée - Suites de Luxe avec Piscine Chauffée et Vue sur le Lac de Tunis,TND 420,9.6,Exceptional,190 reviews,N/A,1,Suite
Tunisia,September_LowSeason,El Mouradi Hotel Africa Tunis,TND 309,7.5,Good,"1,956 reviews",N/A,N/A,N/A
Tunisia,September_LowSeason,"Radisson Blu Hotel & Convention Center, Tunis",TND 332,8.6,Excellent,"1,006 reviews",N/A,N/A,N/A
Tunisia,September_LowSeason,Hôtel LE CONSUL,TND 379,8.3,Very Good,192 reviews,N/A,N/A,N/A
Tunisia,September_LowSeason,Hôtel Suisse Tunis,TND 232,8.7,Excellent,"2,571 reviews",N/A,N/A,N/A
Tunisia,September_LowSeason,"Radisson Hotel Tunis, City Center",TND 449,8.8,Excellent,591 reviews,N/A,N/A,N/A
Tunisia,September_LowSeason,Hotel AL KARMEL,TND 149,6.9,Scored 6.9,"1,511 reviews",N/A,N/A,N/A
Tunisia,September_LowSeason,Villetta di lusso in Tunisia,TND 541,8.6,Excellent,66 reviews,220,4,Villa
Tunisia,September_LowSeason,Acropole Tunis,TND 335,7.6,Good,"1,664 reviews",N/A,N/A,N/A
Tunisia,September_LowSeason,Dar El Kif - La Marsa,TND 305,8.9,Excellent,341 reviews,N/A,N/A,N/A
Tunisia,September_LowSeason,Golf Royal Hotel,TND 335,8.0,Very Good,"2,990 reviews",N/A,N/A,N/A
Tunisia,September_LowSeason,Nomads Hostel Tunisia,TND 102,8.7,Excellent,984 reviews,N/A,N/A,N/A
Tunisia,September_LowSeason,Signiature aparttement,TND 180,9.8,Exceptional,8 reviews,15,1,Apartment
Tunisia,September_LowSeason,Bohème,TND 194,9.6,Exceptional,71 reviews,100,2,Apartment
Tunisia,September_LowSeason,Lafayette Centre,TND 68,10,Exceptional,1 review,28,1,Apartment
Tunisia,September_LowSeason,Plaza la marsa,TND 203,6.5,Scored 6.5,191 reviews,N/A,N/A,N/A
Tunisia,September_LowSeason,Seven Floors,TND 280,8.6,Excellent,107 reviews,125,2,Apartment
Tunisia,September_LowSeason,Hotel Carlton,TND 293,8.4,Very Good,"3,288 reviews",N/A,N/A,N/A
Morocco,May_Spring,Pickalbatros Sungo Club Aqua Park - 24 HRS All Inclusive,TND 881,8.9,Excellent,"1,252 reviews",N/A,N/A,N/A
Morocco,May_Spring,Ibis Marrakech Centre Gare,TND 262,6.6,Scored 6.6,"2,860 reviews",N/A,N/A,N/A
Morocco,May_Spring,Hotel Riu Tikida Palmeraie - All Inclusive,TND 651,7.9,Good,"3,094 reviews",N/A,N/A,N/A
Morocco,May_Spring,Kenzi Rose Garden,TND 655,8.2,Very Good,"7,112 reviews",N/A,N/A,N/A
Morocco,May_Spring,Grand Plaza Marrakech,TND 396,8.7,Excellent,"1,712 reviews",N/A,N/A,N/A
Morocco,May_Spring,"Villa Sumaïa - Maison de caractère, Boutique Hotel",TND 630,9.4,Wonderful,74 reviews,N/A,N/A,N/A
Morocco,May_Spring,Agafay Luxury camp,"TND 1,078",8.1,Very Good,"3,602 reviews",N/A,1,Other
Morocco,May_Spring,TUI BLUE Medina Gardens - Adults Only - All Inclusive,TND 871,8.6,Excellent,849 reviews,N/A,N/A,N/A
Morocco,May_Spring,Mogador Menzah Appart Hôtel,TND 210,6.0,Scored 6.0,"3,792 reviews",N/A,N/A,N/A
Morocco,May_Spring,Le Meridien N'fis,"TND 1,045",7.1,Good,860 reviews,N/A,N/A,N/A
Morocco,May_Spring,Riad Zehra,TND 396,9.4,Wonderful,346 reviews,N/A,N/A,N/A
Morocco,May_Spring,Ari Boutique Hôtel - Adult Only,TND 397,9.0,Wonderful,"1,889 reviews",N/A,N/A,N/A
Morocco,May_Spring,Hotel Toulousain,TND 207,7.9,Good,"1,357 reviews",N/A,N/A,N/A
Morocco,May_Spring,Royal Mirage Deluxe,TND 451,7.2,Good,"2,107 reviews",N/A,N/A,N/A
Morocco,May_Spring,Longue vie Hotels,TND 562,9.3,Wonderful,"3,036 reviews",N/A,N/A,N/A
Morocco,May_Spring,Savoy Le Grand Hotel Marrakech,"TND 1,397",8.1,Very Good,"11,566 reviews",89,1,Suite
Morocco,May_Spring,Novotel Marrakech Hivernage,TND 470,6.8,Scored 6.8,"1,046 reviews",N/A,N/A,N/A
Morocco,May_Spring,Kenzi Club Agdal Medina - All Inclusive,TND 841,8.4,Very Good,"1,726 reviews",N/A,N/A,N/A
Morocco,May_Spring,Riad De Vinci & SPA,TND 421,8.5,Very Good,"1,818 reviews",N/A,1,Suite
Morocco,May_Spring,Hotel Relax Marrakech,TND 173,7.8,Good,"4,940 reviews",N/A,N/A,N/A
Morocco,May_Spring,Nassim Hôtel,TND 254,7.0,Good,850 reviews,N/A,N/A,N/A
Morocco,May_Spring,Riad Casa nomad,TND 256,9.1,Wonderful,102 reviews,N/A,N/A,N/A
Morocco,May_Spring,Hotel Almas,TND 217,7.9,Good,"5,335 reviews",N/A,N/A,N/A
Morocco,May_Spring,Riad Dar Blanche & Spa,TND 534,9.1,Wonderful,"1,248 reviews",N/A,N/A,N/A
Morocco,May_Spring,Riad Zayn & Spa,TND 427,9.5,Exceptional,712 reviews,N/A,N/A,N/A
Morocco,July_Summer,Riad l'Oiseau du Paradis,TND 327,9.4,Wonderful,"2,385 reviews",N/A,N/A,N/A
Morocco,July_Summer,Pickalbatros Sungo Club Aqua Park - 24 HRS All Inclusive,"TND 1,473",8.9,Excellent,"1,252 reviews",N/A,N/A,N/A
Morocco,July_Summer,Ibis Marrakech Centre Gare,TND 219,6.6,Scored 6.6,"2,860 reviews",N/A,N/A,N/A
Morocco,July_Summer,Kenzi Rose Garden,TND 472,8.2,Very Good,"7,112 reviews",N/A,N/A,N/A
Morocco,July_Summer,Grand Plaza Marrakech,TND 420,8.7,Excellent,"1,712 reviews",N/A,N/A,N/A
Morocco,July_Summer,"Villa Sumaïa - Maison de caractère, Boutique Hotel",TND 501,9.4,Wonderful,74 reviews,N/A,N/A,N/A
Morocco,July_Summer,Agafay Luxury camp,TND 799,8.1,Very Good,"3,602 reviews",N/A,1,Other
Morocco,July_Summer,TUI BLUE Medina Gardens - Adults Only - All Inclusive,TND 871,8.6,Excellent,849 reviews,N/A,N/A,N/A
Morocco,July_Summer,Hotel Le Grand Imilchil,TND 193,6.6,Scored 6.6,"5,501 reviews",N/A,N/A,N/A
Morocco,July_Summer,Riad Eden Dorient,TND 351,9.2,Wonderful,361 reviews,N/A,N/A,N/A
Morocco,July_Summer,Mogador Menzah Appart Hôtel,TND 210,6.0,Scored 6.0,"3,792 reviews",N/A,N/A,N/A
Morocco,July_Summer,Riad Douha,TND 220,9.0,Wonderful,68 reviews,N/A,N/A,N/A
Morocco,July_Summer,Le Meridien N'fis,TND 584,7.1,Good,860 reviews,N/A,N/A,N/A
Morocco,July_Summer,Ari Boutique Hôtel - Adult Only,TND 495,9.0,Wonderful,"1,889 reviews",N/A,N/A,N/A
Morocco,July_Summer,Hotel Toulousain,TND 207,7.9,Good,"1,357 reviews",N/A,N/A,N/A
Morocco,July_Summer,Riad Zehra,TND 291,9.4,Wonderful,346 reviews,N/A,N/A,N/A
Morocco,July_Summer,Royal Mirage Deluxe,TND 451,7.2,Good,"2,107 reviews",N/A,N/A,N/A
Morocco,July_Summer,Longue vie Hotels,TND 468,9.3,Wonderful,"3,036 reviews",N/A,N/A,N/A
Morocco,July_Summer,Savoy Le Grand Hotel Marrakech,TND 554,8.1,Very Good,"11,566 reviews",N/A,N/A,N/A
Morocco,July_Summer,Novotel Marrakech Hivernage,TND 318,6.8,Scored 6.8,"1,046 reviews",N/A,N/A,N/A
Morocco,July_Summer,Kenzi Club Agdal Medina - All Inclusive,TND 880,8.4,Very Good,"1,726 reviews",N/A,N/A,N/A
Morocco,July_Summer,Riad De Vinci & SPA,TND 280,8.5,Very Good,"1,818 reviews",N/A,N/A,N/A
Morocco,July_Summer,Riad BB Marrakech,TND 241,9.2,Wonderful,71 reviews,N/A,N/A,N/A
Morocco,July_Summer,Hotel Relax Marrakech,TND 173,7.8,Good,"4,940 reviews",N/A,N/A,N/A
Morocco,July_Summer,Nassim Hôtel,TND 288,7.0,Good,850 reviews,N/A,N/A,N/A
Morocco,September_LowSeason,Pickalbatros Sungo Club Aqua Park - 24 HRS All Inclusive,TND 948,8.9,Excellent,"1,252 reviews",N/A,N/A,N/A
Morocco,September_LowSeason,Ibis Marrakech Centre Gare,TND 213,6.6,Scored 6.6,"2,860 reviews",N/A,N/A,N/A
Morocco,September_LowSeason,Kenzi Rose Garden,TND 619,8.2,Very Good,"7,112 reviews",N/A,N/A,N/A
Morocco,September_LowSeason,Grand Plaza Marrakech,TND 436,8.7,Excellent,"1,712 reviews",N/A,N/A,N/A
Morocco,September_LowSeason,"Villa Sumaïa - Maison de caractère, Boutique Hotel",TND 559,9.4,Wonderful,74 reviews,N/A,N/A,N/A
Morocco,September_LowSeason,Agafay Luxury camp,TND 999,8.1,Very Good,"3,602 reviews",N/A,1,Other
Morocco,September_LowSeason,TUI BLUE Medina Gardens - Adults Only - All Inclusive,TND 871,8.6,Excellent,849 reviews,N/A,N/A,N/A
Morocco,September_LowSeason,Hotel Le Grand Imilchil,TND 193,6.6,Scored 6.6,"5,501 reviews",N/A,N/A,N/A
Morocco,September_LowSeason,Riad Eden Dorient,TND 363,9.2,Wonderful,361 reviews,N/A,N/A,N/A
Morocco,September_LowSeason,Mogador Menzah Appart Hôtel,TND 149,6.0,Scored 6.0,"3,792 reviews",35,1,Studio
Morocco,September_LowSeason,Riad Douha,TND 288,9.0,Wonderful,68 reviews,N/A,N/A,N/A
Morocco,September_LowSeason,Le Meridien N'fis,TND 650,7.1,Good,860 reviews,N/A,N/A,N/A
Morocco,September_LowSeason,Ari Boutique Hôtel - Adult Only,TND 605,9.0,Wonderful,"1,889 reviews",N/A,N/A,N/A
Morocco,September_LowSeason,Hotel Toulousain,TND 207,7.9,Good,"1,357 reviews",N/A,N/A,N/A
Morocco,September_LowSeason,Riad Zehra,TND 329,9.4,Wonderful,346 reviews,N/A,N/A,N/A
Morocco,September_LowSeason,Royal Mirage Deluxe,TND 406,7.2,Good,"2,107 reviews",N/A,N/A,N/A
Morocco,September_LowSeason,Longue vie Hotels,TND 468,9.3,Wonderful,"3,036 reviews",N/A,N/A,N/A
Morocco,September_LowSeason,Savoy Le Grand Hotel Marrakech,TND 762,8.1,Very Good,"11,566 reviews",N/A,N/A,N/A
Morocco,September_LowSeason,Novotel Marrakech Hivernage,TND 425,6.8,Scored 6.8,"1,046 reviews",N/A,N/A,N/A
Morocco,September_LowSeason,Kenzi Club Agdal Medina - All Inclusive,TND 718,8.4,Very Good,"1,726 reviews",N/A,N/A,N/A
Morocco,September_LowSeason,Riad De Vinci & SPA,TND 232,8.5,Very Good,"1,818 reviews",N/A,N/A,N/A
Morocco,September_LowSeason,Riad BB Marrakech,TND 268,9.2,Wonderful,71 reviews,N/A,N/A,N/A
Morocco,September_LowSeason,Hotel Relax Marrakech,TND 173,7.8,Good,"4,940 reviews",N/A,N/A,N/A
Morocco,September_LowSeason,Nassim Hôtel,TND 271,7.0,Good,850 reviews,N/A,N/A,N/A
Morocco,September_LowSeason,Riad Zayn & Spa,TND 427,9.5,Exceptional,712 reviews,N/A,N/A,N/A
Algeria,May_Spring,Atlantis Alger Chevalley,TND 349,8.9,Excellent,"1,121 reviews",N/A,N/A,N/A
Algeria,May_Spring,AFRIC HOTEL- Casbah,TND 181,7.2,Good,"1,731 reviews",N/A,N/A,N/A
Algeria,May_Spring,Hotel Ain benian,TND 295,7.3,Good,206 reviews,N/A,N/A,N/A
Algeria,May_Spring,Hotel Al Zahra,TND 305,8.1,Very Good,56 reviews,N/A,N/A,N/A
Algeria,May_Spring,Mercure Alger Palais Des Congres,TND 403,8.4,Very Good,229 reviews,N/A,N/A,N/A
Algeria,May_Spring,Numidien Hotel,TND 279,6.3,Scored 6.3,510 reviews,N/A,N/A,N/A
Algeria,May_Spring,Lamaraz Hotels,TND 775,8.8,Excellent,873 reviews,N/A,N/A,N/A
Algeria,May_Spring,Sofitel Algiers Hamma Garden,TND 676,7.6,Good,723 reviews,N/A,N/A,N/A
Algeria,May_Spring,Baileche,TND 262,10,Exceptional,1 review,56,1,Apartment
Algeria,May_Spring,Atlantis Alger Aéroport ex Ibis,TND 491,8.6,Excellent,48 reviews,N/A,N/A,N/A
Algeria,May_Spring,Hotel Best Night,TND 295,7.9,Good,484 reviews,N/A,N/A,N/A
Algeria,May_Spring,Holiday Inn Algiers - Cheraga Tower by IHG,TND 425,7.5,Good,595 reviews,N/A,N/A,N/A
Algeria,May_Spring,Hotel Rais,TND 316,7.2,Good,71 reviews,N/A,N/A,N/A
Algeria,May_Spring,Golden Tulip Opera Alger,TND 432,8.5,Very Good,346 reviews,N/A,N/A,N/A
Algeria,May_Spring,Le rivage bleu,TND 338,9.7,Exceptional,3 reviews,110,3,Apartment
Algeria,May_Spring,Apartment Gilbert,TND 177,10,Exceptional,3 reviews,70,1,Apartment
Algeria,May_Spring,AD HOTEL HYDRA,TND 598,7.8,Good,547 reviews,N/A,N/A,N/A
Algeria,May_Spring,La Redoute,TND 305,N/A,N/A,N/A,75,2,Apartment
Algeria,May_Spring,Hotel Best Night 2,TND 266,8.4,Very Good,509 reviews,N/A,N/A,N/A
Algeria,May_Spring,Golden Tulip Royaume,TND 524,6.5,Scored 6.5,150 reviews,N/A,N/A,N/A
Algeria,May_Spring,El Ghanami Hotel,TND 286,7.2,Good,149 reviews,N/A,N/A,N/A
Algeria,May_Spring,City Hotel Alger,TND 295,8.0,Very Good,189 reviews,N/A,N/A,N/A
Algeria,May_Spring,sweet home,TND 236,9.2,Wonderful,52 reviews,70,1,Apartment
Algeria,May_Spring,M Suite Hotel,TND 389,8.9,Excellent,341 reviews,N/A,N/A,N/A
Algeria,May_Spring,Hotel El Biar,TND 163,5.7,Scored 5.7,52 reviews,N/A,N/A,N/A
Algeria,July_Summer,Atlantis Alger Chevalley,TND 349,8.9,Excellent,"1,121 reviews",N/A,N/A,N/A
Algeria,July_Summer,AFRIC HOTEL- Casbah,TND 147,7.2,Good,"1,731 reviews",N/A,N/A,N/A
Algeria,July_Summer,Hotel Ain benian,TND 353,7.3,Good,206 reviews,N/A,N/A,N/A
Algeria,July_Summer,Mercure Alger Palais Des Congres,TND 432,8.4,Very Good,229 reviews,N/A,N/A,N/A
Algeria,July_Summer,Numidien Hotel,TND 240,6.3,Scored 6.3,510 reviews,N/A,N/A,N/A
Algeria,July_Summer,Lamaraz Hotels,TND 775,8.8,Excellent,873 reviews,N/A,N/A,N/A
Algeria,July_Summer,Sofitel Algiers Hamma Garden,TND 720,7.6,Good,723 reviews,N/A,N/A,N/A
Algeria,July_Summer,Atlantis Alger Aéroport ex Ibis,TND 480,8.6,Excellent,48 reviews,N/A,N/A,N/A
Algeria,July_Summer,Hotel Best Night,TND 295,7.9,Good,484 reviews,N/A,N/A,N/A
Algeria,July_Summer,Holiday Inn Algiers - Cheraga Tower by IHG,TND 425,7.5,Good,595 reviews,N/A,N/A,N/A
Algeria,July_Summer,Hotel Rais,TND 299,7.2,Good,71 reviews,N/A,N/A,N/A
Algeria,July_Summer,Hôtel Printania,TND 321,9.1,Wonderful,44 reviews,N/A,N/A,N/A
Algeria,July_Summer,Golden Tulip Opera Alger,TND 393,8.5,Very Good,346 reviews,N/A,N/A,N/A
Algeria,July_Summer,Apartment Gilbert,TND 236,10,Exceptional,3 reviews,70,1,Apartment
Algeria,July_Summer,AD HOTEL HYDRA,TND 526,7.8,Good,547 reviews,N/A,N/A,N/A
Algeria,July_Summer,Golden Tulip Royaume,TND 524,6.5,Scored 6.5,150 reviews,N/A,N/A,N/A
Algeria,July_Summer,El Ghanami Hotel,TND 286,7.2,Good,149 reviews,N/A,N/A,N/A
Algeria,July_Summer,City Hotel Alger,TND 295,8.0,Very Good,189 reviews,N/A,N/A,N/A
Algeria,July_Summer,M Suite Hotel,TND 389,8.9,Excellent,341 reviews,N/A,N/A,N/A
Algeria,July_Summer,Hotel El Biar,TND 163,5.7,Scored 5.7,52 reviews,N/A,N/A,N/A
Algeria,July_Summer,AZ Hôtels Kouba,TND 401,7.9,Good,265 reviews,N/A,N/A,N/A
Algeria,July_Summer,Algiers Marriott Hotel Bab Ezzouar,TND 916,7.2,Good,104 reviews,N/A,N/A,N/A
Algeria,July_Summer,SAMIR HOTEL,TND 183,8.6,Excellent,12 reviews,N/A,N/A,N/A
Algeria,July_Summer,Hôtel Sidi Yahia,TND 421,8.1,Very Good,582 reviews,N/A,N/A,N/A
Algeria,July_Summer,SuperF2Scala,TND 249,8.8,Excellent,24 reviews,N/A,1,Apartment
Algeria,September_LowSeason,Atlantis Alger Chevalley,TND 349,8.9,Excellent,"1,121 reviews",N/A,N/A,N/A
Algeria,September_LowSeason,AFRIC HOTEL- Casbah,TND 147,7.2,Good,"1,731 reviews",N/A,N/A,N/A
Algeria,September_LowSeason,Hotel Ain benian,TND 295,7.3,Good,206 reviews,N/A,N/A,N/A
Algeria,September_LowSeason,Mercure Alger Palais Des Congres,TND 432,8.4,Very Good,229 reviews,N/A,N/A,N/A
Algeria,September_LowSeason,Numidien Hotel,TND 240,6.3,Scored 6.3,510 reviews,N/A,N/A,N/A
Algeria,September_LowSeason,Lamaraz Hotels,TND 775,8.8,Excellent,873 reviews,N/A,N/A,N/A
Algeria,September_LowSeason,Sofitel Algiers Hamma Garden,TND 609,7.6,Good,723 reviews,N/A,N/A,N/A
Algeria,September_LowSeason,Baileche,TND 196,10,Exceptional,1 review,56,1,Apartment
Algeria,September_LowSeason,Atlantis Alger Aéroport ex Ibis,TND 458,8.6,Excellent,48 reviews,N/A,N/A,N/A
Algeria,September_LowSeason,Hotel Best Night,TND 295,7.9,Good,484 reviews,N/A,N/A,N/A
Algeria,September_LowSeason,Holiday Inn Algiers - Cheraga Tower by IHG,TND 386,7.5,Good,595 reviews,N/A,N/A,N/A
Algeria,September_LowSeason,Hotel Rais,TND 299,7.2,Good,71 reviews,N/A,N/A,N/A
Algeria,September_LowSeason,Hôtel Printania,TND 382,9.1,Wonderful,44 reviews,N/A,N/A,N/A
Algeria,September_LowSeason,Golden Tulip Opera Alger,TND 353,8.5,Very Good,346 reviews,N/A,N/A,N/A
Algeria,September_LowSeason,Apartment Gilbert,TND 196,10,Exceptional,3 reviews,70,1,Apartment
Algeria,September_LowSeason,AD HOTEL HYDRA,TND 526,7.8,Good,547 reviews,N/A,N/A,N/A
Algeria,September_LowSeason,Golden Tulip Royaume,TND 524,6.5,Scored 6.5,150 reviews,N/A,N/A,N/A
Algeria,September_LowSeason,El Ghanami Hotel,TND 286,7.2,Good,149 reviews,N/A,N/A,N/A
Algeria,September_LowSeason,City Hotel Alger,TND 295,8.0,Very Good,189 reviews,N/A,N/A,N/A
Algeria,September_LowSeason,Hotel El Biar,TND 163,5.7,Scored 5.7,52 reviews,N/A,N/A,N/A
Algeria,September_LowSeason,AZ Hôtels Kouba,TND 401,7.9,Good,265 reviews,N/A,N/A,N/A
Algeria,September_LowSeason,Algiers Marriott Hotel Bab Ezzouar,TND 779,7.2,Good,104 reviews,N/A,N/A,N/A
Algeria,September_LowSeason,SAMIR HOTEL,TND 183,8.6,Excellent,12 reviews,N/A,N/A,N/A
Algeria,September_LowSeason,Hôtel Sidi Yahia,TND 421,8.1,Very Good,582 reviews,N/A,N/A,N/A
Algeria,September_LowSeason,SuperF2Scala,TND 249,8.8,Excellent,24 reviews,N/A,1,Apartment
Libya,May_Spring,Georgia's Comfort City Center apartment,TND 227,9.7,Exceptional,128 reviews,42,1,Apartment
Libya,May_Spring,Mainalon Resort,TND 227,8.5,Very Good,326 reviews,N/A,N/A,N/A
Libya,May_Spring,Sam's View City Heart Tripoli - Beautiful Apartment With Backyard,TND 186,9.4,Wonderful,126 reviews,72,2,Apartment
Libya,May_Spring,tripoli center apartment,TND 195,9.5,Exceptional,90 reviews,35,1,Apartment
Libya,May_Spring,AKROTHEA suites & lounge,TND 305,9.6,Exceptional,571 reviews,N/A,N/A,N/A
Libya,May_Spring,TripoliStay,TND 214,9.6,Exceptional,23 reviews,38,1,Apartment
Libya,May_Spring,Tripoli Center,TND 187,8.9,Excellent,184 reviews,35,1,Apartment
Libya,May_Spring,comfort apartment,TND 192,9.3,Wonderful,110 reviews,45,1,Apartment
Libya,May_Spring,In Centre Suite by Open City,TND 220,7.5,Good,171 reviews,35,1,Apartment
Libya,May_Spring,nice stay,TND 212,9.0,Wonderful,135 reviews,50,1,Apartment
Libya,May_Spring,Groovy Apartment,TND 315,9.6,Exceptional,50 reviews,89,2,Apartment
Libya,May_Spring,The Nest - Cozy Stay in Arcadia,TND 192,9.4,Wonderful,29 reviews,27,1,Apartment
Libya,May_Spring,NYX Guesthouse,TND 383,9.7,Exceptional,98 reviews,31,1,Apartment
Libya,May_Spring,Aire,TND 472,9.1,Wonderful,77 reviews,55,1,Apartment
Libya,May_Spring,Milea Agritourism,TND 857,9.8,Exceptional,75 reviews,N/A,1,Suite
Libya,May_Spring,Calma Apartment - Your calm escape in Arcadia,TND 219,9.7,Exceptional,7 reviews,45,2,Apartment
Libya,May_Spring,EleNic loft,TND 236,9.8,Exceptional,26 reviews,35,1,Apartment
Libya,May_Spring,Mary's Loft,TND 472,9.7,Exceptional,15 reviews,70,1,Apartment
Libya,May_Spring,Neossia - Tripoli City Escape,TND 215,9.8,Exceptional,22 reviews,42,1,Apartment
Libya,May_Spring,Orchidea Flat,TND 394,9.6,Exceptional,95 reviews,75,2,Apartment
Libya,May_Spring,s2 apartments,TND 305,7.6,Good,32 reviews,45,1,Apartment
Libya,May_Spring,apartment with view,TND 192,8.9,Excellent,87 reviews,20,1,Apartment
Libya,May_Spring,Palatino Rooms & Apartments,TND 373,8.5,Very Good,235 reviews,N/A,N/A,N/A
Libya,May_Spring,ΤΕΓΟΣ Country Guest House,TND 339,9.7,Exceptional,60 reviews,N/A,N/A,N/A
Libya,May_Spring,Alex Hotel,TND 331,8.1,Very Good,122 reviews,N/A,N/A,N/A
Libya,July_Summer,Διαμέρισμα 65 τμ στην καρδιά της πόλης,TND 183,9.6,Exceptional,324 reviews,65,1,Apartment
Libya,July_Summer,Mainalon Resort,TND 227,8.5,Very Good,326 reviews,N/A,N/A,N/A
Libya,July_Summer,Sam's View - City Heart Tripoli,TND 171,9.5,Exceptional,154 reviews,N/A,N/A,N/A
Libya,July_Summer,Fully equipped Apartment,TND 251,9.1,Wonderful,101 reviews,65,1,Apartment
Libya,July_Summer,tripoli center apartment,TND 201,9.5,Exceptional,90 reviews,35,1,Apartment
Libya,July_Summer,V&V Apartment,TND 245,9.5,Exceptional,187 reviews,35,1,Apartment
Libya,July_Summer,AKROTHEA suites & lounge,TND 406,9.6,Exceptional,571 reviews,N/A,N/A,N/A
Libya,July_Summer,TripoliStay,TND 214,9.6,Exceptional,23 reviews,38,1,Apartment
Libya,July_Summer,comfort apartment,TND 195,9.3,Wonderful,110 reviews,45,1,Apartment
Libya,July_Summer,In Centre Suite by Open City,TND 220,7.5,Good,171 reviews,35,1,Apartment
Libya,July_Summer,The Nest - Cozy Stay in Arcadia,TND 192,9.4,Wonderful,29 reviews,27,1,Apartment
Libya,July_Summer,Aire,TND 504,9.1,Wonderful,77 reviews,55,1,Apartment
Libya,July_Summer,Milea Agritourism,"TND 1,286",9.8,Exceptional,75 reviews,75,2,Suite
Libya,July_Summer,Calma Apartment - Your calm escape in Arcadia,TND 247,9.7,Exceptional,7 reviews,45,2,Apartment
Libya,July_Summer,Neossia - Tripoli City Escape,TND 246,9.8,Exceptional,22 reviews,42,1,Apartment
Libya,July_Summer,Orchidea Flat,TND 447,9.6,Exceptional,95 reviews,75,2,Apartment
Libya,July_Summer,s2 apartments,TND 305,7.6,Good,32 reviews,45,1,Apartment
Libya,July_Summer,Margarita Flat,TND 317,9.9,Exceptional,74 reviews,42,1,Apartment
Libya,July_Summer,apartment with view,TND 198,8.9,Excellent,87 reviews,20,1,Apartment
Libya,July_Summer,MARY'S HOUSE Roof Garden HUB,TND 365,9.6,Exceptional,47 reviews,70,2,Apartment
Libya,July_Summer,Palatino Rooms & Apartments,TND 406,8.5,Very Good,235 reviews,N/A,N/A,N/A
Libya,July_Summer,ΤΕΓΟΣ Country Guest House,TND 339,9.7,Exceptional,60 reviews,N/A,N/A,N/A
Libya,July_Summer,Alex Hotel,TND 331,8.1,Very Good,122 reviews,N/A,N/A,N/A
Libya,July_Summer,Andromachi House Tripoli,TND 226,8.8,Excellent,26 reviews,54,1,Apartment
Libya,July_Summer,V & G House,TND 339,9.8,Exceptional,22 reviews,55,1,Apartment
Libya,September_LowSeason,Διαμέρισμα 65 τμ στην καρδιά της πόλης,TND 183,9.6,Exceptional,324 reviews,65,1,Apartment
Libya,September_LowSeason,Sam's View - City Heart Tripoli,TND 171,9.5,Exceptional,154 reviews,N/A,N/A,N/A
Libya,September_LowSeason,Sam's View City Heart Tripoli - Beautiful Apartment With Backyard,TND 186,9.4,Wonderful,126 reviews,72,2,Apartment
Libya,September_LowSeason,Fully equipped Apartment,TND 251,9.1,Wonderful,101 reviews,65,1,Apartment
Libya,September_LowSeason,tripoli center apartment,TND 195,9.5,Exceptional,90 reviews,35,1,Apartment
Libya,September_LowSeason,V&V Apartment,TND 245,9.5,Exceptional,187 reviews,35,1,Apartment
Libya,September_LowSeason,AKROTHEA suites & lounge,TND 406,9.6,Exceptional,571 reviews,N/A,N/A,N/A
Libya,September_LowSeason,TripoliStay,TND 211,9.6,Exceptional,23 reviews,38,1,Apartment
Libya,September_LowSeason,Tripoli Center,TND 187,8.9,Excellent,184 reviews,35,1,Apartment
Libya,September_LowSeason,In Centre Suite by Open City,TND 220,7.5,Good,171 reviews,35,1,Apartment
Libya,September_LowSeason,nice stay,TND 204,9.0,Wonderful,135 reviews,50,1,Apartment
Libya,September_LowSeason,The Nest - Cozy Stay in Arcadia,TND 192,9.4,Wonderful,29 reviews,27,1,Apartment
Libya,September_LowSeason,Anaktorikon Boutique Hotel,TND 440,9.6,Exceptional,161 reviews,N/A,N/A,N/A
Libya,September_LowSeason,NYX Guesthouse,TND 629,9.7,Exceptional,98 reviews,31,1,Apartment
Libya,September_LowSeason,Cozy apartment in the center,TND 339,9.3,Wonderful,43 reviews,110,3,Apartment
Libya,September_LowSeason,Milea Agritourism,TND 857,9.8,Exceptional,75 reviews,N/A,1,Suite
Libya,September_LowSeason,Calma Apartment - Your calm escape in Arcadia,TND 247,9.7,Exceptional,7 reviews,45,2,Apartment
Libya,September_LowSeason,Mary's Loft,TND 472,9.7,Exceptional,15 reviews,70,1,Apartment
Libya,September_LowSeason,Neossia - Tripoli City Escape,TND 246,9.8,Exceptional,22 reviews,42,1,Apartment
Libya,September_LowSeason,s2 apartments,TND 305,7.6,Good,32 reviews,45,1,Apartment
Libya,September_LowSeason,Orfeas apartment,TND 288,9.3,Wonderful,31 reviews,40,1,Apartment
Libya,September_LowSeason,MARY'S HOUSE Roof Garden HUB,TND 294,9.6,Exceptional,47 reviews,70,2,Apartment
Libya,September_LowSeason,Palatino Rooms & Apartments,TND 406,8.5,Very Good,235 reviews,N/A,N/A,N/A
Libya,September_LowSeason,ΤΕΓΟΣ Country Guest House,TND 339,9.7,Exceptional,60 reviews,N/A,N/A,N/A
Libya,September_LowSeason,Alex Hotel,TND 331,8.1,Very Good,122 reviews,N/A,N/A,N/A
Mauritania,May_Spring,Grand Plaza Nouakchott,TND 174,7.2,Good,218 reviews,N/A,N/A,N/A
Mauritania,May_Spring,Transit,TND 71,9.2,Wonderful,343 reviews,N/A,N/A,N/A
Mauritania,May_Spring,Sheraton Nouakchott Hotel,TND 728,8.5,Very Good,37 reviews,N/A,N/A,N/A
Mauritania,May_Spring,Urban Hotel Nouakchott,TND 230,8.7,Excellent,269 reviews,N/A,N/A,N/A
Mauritania,May_Spring,Urban Hotel Suites,TND 185,8.6,Excellent,122 reviews,N/A,N/A,N/A
Mauritania,May_Spring,Hotel Aloe Emira NKC,TND 410,8.9,Excellent,62 reviews,N/A,N/A,N/A
Mauritania,May_Spring,FASQ Hotel,TND 755,8.7,Excellent,182 reviews,N/A,N/A,N/A
Mauritania,May_Spring,Auberge Triskell & Spa,TND 105,8.9,Excellent,354 reviews,N/A,1,Other
Mauritania,May_Spring,MH HOTEL Nouakchott,TND 646,9.7,Exceptional,57 reviews,N/A,N/A,N/A
Mauritania,May_Spring,Nouakchottseahotel,TND 68,5.0,Scored 5.0,1 review,N/A,N/A,N/A
Mauritania,May_Spring,HOTEL HIBA,TND 237,8.5,Very Good,154 reviews,N/A,N/A,N/A
Mauritania,May_Spring,"""Par 4 Chemins"" - Atypical stopover",TND 117,8.9,Excellent,93 reviews,N/A,1,Room
Mauritania,May_Spring,Auberge Tunisien,TND 122,N/A,N/A,N/A,N/A,N/A,N/A
Mauritania,May_Spring,Al Khaima City Center,TND 237,6.9,Scored 6.9,196 reviews,N/A,N/A,N/A
Mauritania,May_Spring,Hotel Monotel Dar El Barka,TND 508,6.9,Scored 6.9,72 reviews,N/A,N/A,N/A
Mauritania,May_Spring,Hôtel Semiramis City Center,TND 328,7.5,Good,165 reviews,N/A,N/A,N/A
Mauritania,May_Spring,The Best Centric Hotel,TND 290,8.5,Very Good,154 reviews,N/A,N/A,N/A
Mauritania,May_Spring,Marrakech - Premium Suite,TND 335,8.7,Excellent,42 reviews,N/A,N/A,N/A
Mauritania,May_Spring,"Les HOTELS TALHAYA, NOUAKCHOTT",TND 193,7.6,Good,23 reviews,N/A,N/A,N/A
Mauritania,May_Spring,SUNSET HOTEL,TND 508,7.6,Good,32 reviews,14,1,Suite
Mauritania,May_Spring,Le Patio ARABESK,TND 180,7.8,Good,4 reviews,N/A,N/A,N/A
Mauritania,May_Spring,Comfortable and quiet furnished studio,TND 119,N/A,N/A,N/A,40,1,Apartment
Mauritania,May_Spring,Dar Al Hana,TND 152,N/A,N/A,N/A,50,1,Apartment
Mauritania,May_Spring,Luxuria NOUAKCHOTT,TND 224,8.2,Very Good,4 reviews,90,14,Apartment
Mauritania,May_Spring,Paradise maison d'hôte,TND 108,N/A,N/A,N/A,N/A,N/A,N/A
Mauritania,July_Summer,Grand Plaza Nouakchott,TND 165,7.2,Good,218 reviews,N/A,N/A,N/A
Mauritania,July_Summer,Sabah Resort Nouakchott,TND 390,8.2,Very Good,95 reviews,N/A,N/A,N/A
Mauritania,July_Summer,Transit,TND 71,9.2,Wonderful,343 reviews,N/A,N/A,N/A
Mauritania,July_Summer,Sheraton Nouakchott Hotel,TND 728,8.5,Very Good,37 reviews,N/A,N/A,N/A
Mauritania,July_Summer,Urban Hotel Nouakchott,TND 230,8.7,Excellent,269 reviews,N/A,N/A,N/A
Mauritania,July_Summer,Azalaï Hôtel Nouakchott,TND 396,8.1,Very Good,164 reviews,N/A,N/A,N/A
Mauritania,July_Summer,Urban Hotel Suites,TND 345,8.6,Excellent,122 reviews,N/A,N/A,N/A
Mauritania,July_Summer,Hotel Aloe Emira NKC,TND 532,8.9,Excellent,62 reviews,N/A,N/A,N/A
Mauritania,July_Summer,FASQ Hotel,TND 589,8.7,Excellent,182 reviews,N/A,N/A,N/A
Mauritania,July_Summer,Auberge Triskell & Spa,TND 117,8.9,Excellent,354 reviews,12,1,Room
Mauritania,July_Summer,MH HOTEL Nouakchott,TND 680,9.7,Exceptional,57 reviews,N/A,N/A,N/A
Mauritania,July_Summer,Nouakchottseahotel,TND 68,5.0,Scored 5.0,1 review,N/A,N/A,N/A
Mauritania,July_Summer,HOTEL HIBA,TND 237,8.5,Very Good,154 reviews,N/A,N/A,N/A
Mauritania,July_Summer,Auberge Tunisien,TND 122,N/A,N/A,N/A,N/A,N/A,N/A
Mauritania,July_Summer,Al Khaima City Center,TND 237,6.9,Scored 6.9,196 reviews,N/A,N/A,N/A
Mauritania,July_Summer,Hotel Monotel Dar El Barka,TND 508,6.9,Scored 6.9,72 reviews,N/A,N/A,N/A
Mauritania,July_Summer,Hôtel Semiramis City Center,TND 328,7.5,Good,165 reviews,N/A,N/A,N/A
Mauritania,July_Summer,The Best Centric Hotel,TND 261,8.5,Very Good,154 reviews,N/A,N/A,N/A
Mauritania,July_Summer,Florida,TND 135,7.5,Good,2 reviews,70,1,Apartment
Mauritania,July_Summer,Le Patio,TND 186,9.1,Wonderful,11 reviews,N/A,N/A,N/A
Mauritania,July_Summer,"Les HOTELS TALHAYA, NOUAKCHOTT",TND 193,7.6,Good,23 reviews,N/A,N/A,N/A
Mauritania,July_Summer,SUNSET HOTEL,TND 508,7.6,Good,32 reviews,14,1,Suite
Mauritania,July_Summer,Chez soufie,TND 109,7.0,Good,3 reviews,80,2,Apartment
Mauritania,July_Summer,Le Patio ARABESK,TND 180,7.8,Good,4 reviews,N/A,N/A,N/A
Mauritania,July_Summer,Comfortable and quiet furnished studio,TND 119,N/A,N/A,N/A,40,1,Apartment
Mauritania,September_LowSeason,Grand Plaza Nouakchott,TND 183,7.2,Good,218 reviews,N/A,N/A,N/A
Mauritania,September_LowSeason,Sabah Resort Nouakchott,TND 390,8.2,Very Good,95 reviews,N/A,N/A,N/A
Mauritania,September_LowSeason,Transit,TND 71,9.2,Wonderful,343 reviews,N/A,N/A,N/A
Mauritania,September_LowSeason,Sheraton Nouakchott Hotel,TND 728,8.5,Very Good,37 reviews,N/A,N/A,N/A
Mauritania,September_LowSeason,Urban Hotel Nouakchott,TND 230,8.7,Excellent,269 reviews,N/A,N/A,N/A
Mauritania,September_LowSeason,Azalaï Hôtel Nouakchott,TND 555,8.1,Very Good,164 reviews,N/A,N/A,N/A
Mauritania,September_LowSeason,Urban Hotel Suites,TND 345,8.6,Excellent,122 reviews,N/A,N/A,N/A
Mauritania,September_LowSeason,Hotel Aloe Emira NKC,TND 532,8.9,Excellent,62 reviews,N/A,N/A,N/A
Mauritania,September_LowSeason,Auberge Triskell & Spa,TND 105,8.9,Excellent,354 reviews,N/A,1,Other
Mauritania,September_LowSeason,MH HOTEL Nouakchott,TND 680,9.7,Exceptional,57 reviews,N/A,N/A,N/A
Mauritania,September_LowSeason,Nouakchottseahotel,TND 68,5.0,Scored 5.0,1 review,N/A,N/A,N/A
Mauritania,September_LowSeason,HOTEL HIBA,TND 237,8.5,Very Good,154 reviews,N/A,N/A,N/A
Mauritania,September_LowSeason,"""Par 4 Chemins"" - Atypical stopover",TND 117,8.9,Excellent,93 reviews,N/A,1,Room
Mauritania,September_LowSeason,Auberge Tunisien,TND 122,N/A,N/A,N/A,N/A,N/A,N/A
Mauritania,September_LowSeason,Al Khaima City Center,TND 237,6.9,Scored 6.9,196 reviews,N/A,N/A,N/A
Mauritania,September_LowSeason,Hotel Monotel Dar El Barka,TND 508,6.9,Scored 6.9,72 reviews,N/A,N/A,N/A
Mauritania,September_LowSeason,Hôtel Semiramis City Center,TND 328,7.5,Good,165 reviews,N/A,N/A,N/A
Mauritania,September_LowSeason,The Best Centric Hotel,TND 290,8.5,Very Good,154 reviews,N/A,N/A,N/A
Mauritania,September_LowSeason,Florida,TND 135,7.5,Good,2 reviews,70,1,Apartment
Mauritania,September_LowSeason,Le Patio,TND 186,9.1,Wonderful,11 reviews,N/A,N/A,N/A
Mauritania,September_LowSeason,"Les HOTELS TALHAYA, NOUAKCHOTT",TND 193,7.6,Good,23 reviews,N/A,N/A,N/A
Mauritania,September_LowSeason,SUNSET HOTEL,TND 508,7.6,Good,32 reviews,14,1,Suite
Mauritania,September_LowSeason,Chez soufie,TND 109,7.0,Good,3 reviews,80,2,Apartment
Mauritania,September_LowSeason,Le Patio ARABESK,TND 180,7.8,Good,4 reviews,N/A,N/A,N/A
Mauritania,September_LowSeason,Comfortable and quiet furnished studio,TND 119,N/A,N/A,N/A,40,1,Apartment
